images/4795.jpg,images/5637.jpg,0
images/8347.jpg,images/9815.jpg,0
images/8255.jpg,images/9683.jpg,1
images/5919.jpg,images/6550.jpg,0
images/5468.jpg,images/8665.jpg,0
images/3630.jpg,images/6362.jpg,0
images/8745.jpg,images/3485.jpg,0
images/8416.jpg,images/7691.jpg,0
images/6148.jpg,images/2651.jpg,0
images/6220.jpg,images/8742.jpg,0
images/8472.jpg,images/2437.jpg,0
images/9686.jpg,images/5905.jpg,0
images/5915.jpg,images/7301.jpg,1
images/7737.jpg,images/5264.jpg,0
images/225.jpg,images/3261.jpg,0
images/7839.jpg,images/1899.jpg,0
images/6240.jpg,images/7273.jpg,1
images/994.jpg,images/1260.jpg,0
images/5061.jpg,images/4209.jpg,0
images/2551.jpg,images/2472.jpg,0
images/6789.jpg,images/4449.jpg,0
images/2108.jpg,images/4977.jpg,0
images/4505.jpg,images/110.jpg,0
images/2957.jpg,images/9413.jpg,0
images/1328.jpg,images/3628.jpg,0
images/198.jpg,images/8875.jpg,0
images/512.jpg,images/9214.jpg,0
images/9691.jpg,images/2396.jpg,0
images/6311.jpg,images/216.jpg,0
images/1439.jpg,images/9422.jpg,0
images/49.jpg,images/7658.jpg,0
images/1416.jpg,images/2358.jpg,0
images/7292.jpg,images/6938.jpg,0
images/3436.jpg,images/8191.jpg,0
images/694.jpg,images/5762.jpg,0
images/1436.jpg,images/4855.jpg,0
images/6410.jpg,images/59.jpg,0
images/971.jpg,images/9557.jpg,0
images/7533.jpg,images/9116.jpg,0
images/3929.jpg,images/1778.jpg,0
images/1201.jpg,images/6035.jpg,0
images/7370.jpg,images/443.jpg,0
images/9112.jpg,images/1266.jpg,0
images/9408.jpg,images/7034.jpg,0
images/1804.jpg,images/4323.jpg,0
images/3759.jpg,images/7810.jpg,0
images/4039.jpg,images/3130.jpg,0
images/4773.jpg,images/6752.jpg,0
images/4451.jpg,images/7601.jpg,0
images/8869.jpg,images/8219.jpg,0
images/4698.jpg,images/126.jpg,0
images/497.jpg,images/3031.jpg,0
images/4142.jpg,images/5794.jpg,0
images/2838.jpg,images/4122.jpg,0
images/7663.jpg,images/1847.jpg,0
images/1966.jpg,images/4946.jpg,0
images/455.jpg,images/831.jpg,0
images/6775.jpg,images/2587.jpg,0
images/6218.jpg,images/9082.jpg,0
images/2571.jpg,images/1726.jpg,0
images/9610.jpg,images/9034.jpg,0
images/1514.jpg,images/220.jpg,0
images/8428.jpg,images/7061.jpg,0
images/3400.jpg,images/7074.jpg,0
images/5122.jpg,images/4285.jpg,0
images/6559.jpg,images/9550.jpg,0
images/5193.jpg,images/4741.jpg,0
images/5438.jpg,images/2730.jpg,0
images/9599.jpg,images/3686.jpg,0
images/1516.jpg,images/252.jpg,0
images/3502.jpg,images/7356.jpg,0
images/7557.jpg,images/6007.jpg,0
images/723.jpg,images/2410.jpg,0
images/7337.jpg,images/6312.jpg,0
images/1505.jpg,images/6954.jpg,0
images/2237.jpg,images/8283.jpg,0
images/3387.jpg,images/2267.jpg,0
images/7489.jpg,images/849.jpg,0
images/6845.jpg,images/1075.jpg,0
images/6659.jpg,images/3162.jpg,0
images/3069.jpg,images/8344.jpg,0
images/3825.jpg,images/9824.jpg,0
images/5227.jpg,images/395.jpg,0
images/6167.jpg,images/2359.jpg,0
images/4240.jpg,images/7921.jpg,1
images/9543.jpg,images/564.jpg,0
images/8328.jpg,images/3916.jpg,0
images/4733.jpg,images/2183.jpg,0
images/8802.jpg,images/9545.jpg,1
images/6356.jpg,images/3359.jpg,0
images/6266.jpg,images/5129.jpg,1
images/8282.jpg,images/8882.jpg,0
images/4627.jpg,images/493.jpg,0
images/7325.jpg,images/5424.jpg,0
images/4378.jpg,images/2604.jpg,0
images/7506.jpg,images/3905.jpg,0
images/9617.jpg,images/8933.jpg,0
images/1983.jpg,images/689.jpg,0
images/5165.jpg,images/5423.jpg,0
images/9799.jpg,images/8793.jpg,0
images/6877.jpg,images/9895.jpg,0
images/2298.jpg,images/2288.jpg,0
images/4286.jpg,images/6930.jpg,0
images/9275.jpg,images/6578.jpg,0
images/406.jpg,images/5199.jpg,0
images/7029.jpg,images/4839.jpg,0
images/5205.jpg,images/2588.jpg,1
images/6683.jpg,images/8757.jpg,0
images/7140.jpg,images/5274.jpg,0
images/6444.jpg,images/7107.jpg,0
images/4958.jpg,images/366.jpg,0
images/6153.jpg,images/7922.jpg,0
images/9188.jpg,images/4699.jpg,0
images/1931.jpg,images/2505.jpg,0
images/5330.jpg,images/195.jpg,0
images/4768.jpg,images/8660.jpg,0
images/13.jpg,images/9216.jpg,0
images/9436.jpg,images/4695.jpg,0
images/390.jpg,images/8179.jpg,0
images/3953.jpg,images/6768.jpg,1
images/4147.jpg,images/5132.jpg,0
images/2547.jpg,images/3977.jpg,0
images/9558.jpg,images/9661.jpg,0
images/2406.jpg,images/2498.jpg,0
images/3701.jpg,images/9849.jpg,0
images/8531.jpg,images/1504.jpg,0
images/6408.jpg,images/5093.jpg,0
images/8954.jpg,images/194.jpg,0
images/2129.jpg,images/5916.jpg,0
images/5384.jpg,images/6883.jpg,0
images/8879.jpg,images/7670.jpg,0
images/9027.jpg,images/6873.jpg,0
images/5878.jpg,images/838.jpg,0
images/5882.jpg,images/4699.jpg,0
images/8010.jpg,images/1756.jpg,0
images/6148.jpg,images/4665.jpg,0
images/9091.jpg,images/8667.jpg,0
images/7950.jpg,images/8682.jpg,0
images/3957.jpg,images/1787.jpg,0
images/3511.jpg,images/2362.jpg,1
images/4030.jpg,images/4132.jpg,0
images/4570.jpg,images/6206.jpg,0
images/9380.jpg,images/2033.jpg,0
images/1565.jpg,images/7471.jpg,0
images/9211.jpg,images/2288.jpg,0
images/3283.jpg,images/1199.jpg,0
images/2222.jpg,images/2112.jpg,0
images/9628.jpg,images/3548.jpg,0
images/5042.jpg,images/6351.jpg,0
images/305.jpg,images/9372.jpg,0
images/1280.jpg,images/3013.jpg,0
images/8006.jpg,images/4116.jpg,0
images/8995.jpg,images/9462.jpg,1
images/43.jpg,images/395.jpg,0
images/8096.jpg,images/594.jpg,0
images/7152.jpg,images/6958.jpg,1
images/4435.jpg,images/4754.jpg,0
images/2192.jpg,images/4590.jpg,0
images/114.jpg,images/6979.jpg,0
images/1024.jpg,images/9867.jpg,0
images/9808.jpg,images/2613.jpg,0
images/7480.jpg,images/220.jpg,0
images/534.jpg,images/1402.jpg,0
images/8275.jpg,images/8547.jpg,1
images/5517.jpg,images/5831.jpg,0
images/6121.jpg,images/6245.jpg,0
images/5567.jpg,images/5778.jpg,0
images/2394.jpg,images/9758.jpg,0
images/4780.jpg,images/2012.jpg,1
images/785.jpg,images/8202.jpg,0
images/6626.jpg,images/892.jpg,0
images/3315.jpg,images/2571.jpg,0
images/3734.jpg,images/5848.jpg,0
images/4458.jpg,images/3923.jpg,1
images/6461.jpg,images/1747.jpg,0
images/1948.jpg,images/7410.jpg,0
images/7077.jpg,images/7852.jpg,0
images/7769.jpg,images/3426.jpg,0
images/7567.jpg,images/8308.jpg,0
images/135.jpg,images/8555.jpg,0
images/440.jpg,images/6470.jpg,0
images/7727.jpg,images/4413.jpg,0
images/2807.jpg,images/4088.jpg,0
images/8973.jpg,images/149.jpg,0
images/9134.jpg,images/7745.jpg,0
images/2617.jpg,images/5056.jpg,0
images/2153.jpg,images/9189.jpg,0
images/7780.jpg,images/929.jpg,0
images/873.jpg,images/352.jpg,0
images/1905.jpg,images/8790.jpg,1
images/1529.jpg,images/4157.jpg,0
images/5587.jpg,images/8843.jpg,0
images/3231.jpg,images/8745.jpg,0
images/4088.jpg,images/2723.jpg,0
images/7161.jpg,images/6894.jpg,1
images/8893.jpg,images/2366.jpg,0
images/8294.jpg,images/7975.jpg,0
images/4376.jpg,images/8501.jpg,0
images/6000.jpg,images/4558.jpg,0
images/42.jpg,images/6601.jpg,0
images/2858.jpg,images/1045.jpg,0
images/6275.jpg,images/8669.jpg,0
images/9270.jpg,images/7884.jpg,0
images/1168.jpg,images/3852.jpg,0
images/4887.jpg,images/8465.jpg,0
images/3851.jpg,images/5305.jpg,0
images/6778.jpg,images/8056.jpg,1
images/1314.jpg,images/8990.jpg,0
images/3591.jpg,images/6115.jpg,0
images/4726.jpg,images/7066.jpg,0
images/6981.jpg,images/142.jpg,0
images/6857.jpg,images/5740.jpg,1
images/8059.jpg,images/3705.jpg,0
images/531.jpg,images/5704.jpg,1
images/1597.jpg,images/3927.jpg,0
images/2753.jpg,images/3111.jpg,1
images/8393.jpg,images/2366.jpg,0
images/9325.jpg,images/4453.jpg,0
images/1541.jpg,images/8532.jpg,0
images/1818.jpg,images/8594.jpg,0
images/8165.jpg,images/6911.jpg,0
images/294.jpg,images/1566.jpg,0
images/8914.jpg,images/6897.jpg,0
images/2761.jpg,images/6171.jpg,0
images/6543.jpg,images/7351.jpg,0
images/1539.jpg,images/610.jpg,0
images/346.jpg,images/7904.jpg,0
images/6218.jpg,images/3766.jpg,0
images/1891.jpg,images/7605.jpg,0
images/5329.jpg,images/4138.jpg,0
images/6466.jpg,images/7595.jpg,0
images/3498.jpg,images/9216.jpg,0
images/8625.jpg,images/3267.jpg,0
images/2084.jpg,images/744.jpg,0
images/1180.jpg,images/9033.jpg,0
images/385.jpg,images/2080.jpg,0
images/2148.jpg,images/2582.jpg,0
images/5914.jpg,images/7669.jpg,0
images/3235.jpg,images/9025.jpg,0
images/4755.jpg,images/3880.jpg,0
images/3104.jpg,images/2881.jpg,0
images/9926.jpg,images/9806.jpg,1
images/8589.jpg,images/6017.jpg,0
images/5743.jpg,images/9183.jpg,0
images/180.jpg,images/5576.jpg,0
images/6495.jpg,images/9233.jpg,0
images/7263.jpg,images/9231.jpg,1
images/5237.jpg,images/7317.jpg,0
images/1932.jpg,images/7862.jpg,0
images/5171.jpg,images/7970.jpg,0
images/1553.jpg,images/6836.jpg,0
images/6495.jpg,images/5551.jpg,0
images/4664.jpg,images/1891.jpg,0
images/9063.jpg,images/7734.jpg,0
images/134.jpg,images/8754.jpg,0
images/9337.jpg,images/8820.jpg,0
images/9910.jpg,images/4957.jpg,0
images/641.jpg,images/8318.jpg,0
images/9218.jpg,images/4408.jpg,0
images/3407.jpg,images/5993.jpg,0
images/6622.jpg,images/7382.jpg,0
images/1268.jpg,images/9521.jpg,0
images/7641.jpg,images/1167.jpg,0
images/5293.jpg,images/5477.jpg,0
images/716.jpg,images/7816.jpg,0
images/6197.jpg,images/7116.jpg,0
images/5022.jpg,images/4881.jpg,0
images/6832.jpg,images/9105.jpg,0
images/3746.jpg,images/2674.jpg,0
images/1468.jpg,images/1029.jpg,0
images/6432.jpg,images/6339.jpg,0
images/5126.jpg,images/1846.jpg,0
images/1111.jpg,images/3268.jpg,0
images/8021.jpg,images/2257.jpg,0
images/7475.jpg,images/6687.jpg,0
images/3483.jpg,images/7014.jpg,0
images/8497.jpg,images/200.jpg,0
images/6882.jpg,images/4572.jpg,0
images/5414.jpg,images/4992.jpg,0
images/2400.jpg,images/4392.jpg,0
images/5562.jpg,images/6369.jpg,0
images/9333.jpg,images/6296.jpg,0
images/4014.jpg,images/7823.jpg,0
images/8038.jpg,images/9751.jpg,0
images/6228.jpg,images/8071.jpg,0
images/4824.jpg,images/5601.jpg,1
images/9809.jpg,images/9340.jpg,0
images/4132.jpg,images/3096.jpg,0
images/6594.jpg,images/9603.jpg,0
images/6075.jpg,images/3939.jpg,0
images/1136.jpg,images/4587.jpg,0
images/993.jpg,images/7731.jpg,0
images/6228.jpg,images/8633.jpg,0
images/3149.jpg,images/2903.jpg,1
images/278.jpg,images/5803.jpg,0
images/5649.jpg,images/4461.jpg,0
images/683.jpg,images/223.jpg,0
images/7066.jpg,images/8417.jpg,1
images/8247.jpg,images/2303.jpg,0
images/6549.jpg,images/1762.jpg,0
images/9142.jpg,images/2370.jpg,0
images/9482.jpg,images/4015.jpg,0
images/2085.jpg,images/94.jpg,1
images/6840.jpg,images/271.jpg,0
images/6291.jpg,images/8207.jpg,0
images/7145.jpg,images/9045.jpg,0
images/1408.jpg,images/9342.jpg,0
images/3526.jpg,images/2992.jpg,0
images/3173.jpg,images/9195.jpg,0
images/358.jpg,images/4678.jpg,0
images/4671.jpg,images/4912.jpg,0
images/1701.jpg,images/1979.jpg,0
images/2907.jpg,images/5169.jpg,0
images/9691.jpg,images/8500.jpg,0
images/7279.jpg,images/4735.jpg,0
images/9052.jpg,images/5052.jpg,0
images/798.jpg,images/1559.jpg,0
images/5732.jpg,images/5472.jpg,0
images/1065.jpg,images/8485.jpg,0
images/6194.jpg,images/9481.jpg,0
images/2141.jpg,images/9825.jpg,0
images/1542.jpg,images/4016.jpg,0
images/812.jpg,images/1414.jpg,0
images/7007.jpg,images/8763.jpg,1
images/5355.jpg,images/3273.jpg,0
images/414.jpg,images/449.jpg,0
images/7051.jpg,images/4489.jpg,1
images/7946.jpg,images/7932.jpg,0
images/7893.jpg,images/7938.jpg,0
images/6663.jpg,images/4659.jpg,0
images/6455.jpg,images/4328.jpg,0
images/6106.jpg,images/2966.jpg,0
images/6385.jpg,images/6826.jpg,0
images/9038.jpg,images/4425.jpg,0
images/93.jpg,images/9009.jpg,0
images/6025.jpg,images/2547.jpg,0
images/5532.jpg,images/6625.jpg,0
images/237.jpg,images/998.jpg,0
images/6917.jpg,images/8778.jpg,0
images/3003.jpg,images/5088.jpg,0
images/320.jpg,images/3902.jpg,0
images/1900.jpg,images/4535.jpg,0
images/5497.jpg,images/3153.jpg,0
images/5404.jpg,images/9011.jpg,1
images/647.jpg,images/5827.jpg,0
images/4694.jpg,images/3147.jpg,0
images/9002.jpg,images/8948.jpg,0
images/4085.jpg,images/9821.jpg,0
images/2127.jpg,images/2652.jpg,0
images/8245.jpg,images/6061.jpg,0
images/5828.jpg,images/9371.jpg,0
images/719.jpg,images/935.jpg,0
images/3928.jpg,images/5420.jpg,0
images/3886.jpg,images/5054.jpg,0
images/5536.jpg,images/7477.jpg,1
images/7834.jpg,images/4670.jpg,0
images/752.jpg,images/565.jpg,0
images/6168.jpg,images/9762.jpg,0
images/6133.jpg,images/946.jpg,0
images/585.jpg,images/3675.jpg,0
images/6448.jpg,images/6771.jpg,0
images/7162.jpg,images/7310.jpg,0
images/4868.jpg,images/5786.jpg,1
images/1052.jpg,images/161.jpg,0
images/9878.jpg,images/6016.jpg,0
images/3282.jpg,images/7640.jpg,1
images/9482.jpg,images/6398.jpg,0
images/6928.jpg,images/5236.jpg,0
images/634.jpg,images/4215.jpg,1
images/432.jpg,images/5121.jpg,0
images/4214.jpg,images/8304.jpg,0
images/7880.jpg,images/9318.jpg,0
images/9177.jpg,images/1707.jpg,0
images/686.jpg,images/7751.jpg,0
images/4422.jpg,images/4258.jpg,0
images/7397.jpg,images/3215.jpg,0
images/3922.jpg,images/4840.jpg,0
images/0.jpg,images/5540.jpg,0
images/5093.jpg,images/2793.jpg,0
images/398.jpg,images/754.jpg,0
images/6256.jpg,images/6679.jpg,0
images/1832.jpg,images/2173.jpg,0
images/717.jpg,images/5003.jpg,0
images/3983.jpg,images/2761.jpg,0
images/1606.jpg,images/3072.jpg,1
images/2394.jpg,images/441.jpg,0
images/6231.jpg,images/5002.jpg,0
images/7839.jpg,images/9460.jpg,0
images/4673.jpg,images/4125.jpg,1
images/3775.jpg,images/9313.jpg,1
images/410.jpg,images/917.jpg,0
images/264.jpg,images/7232.jpg,0
images/7814.jpg,images/7914.jpg,1
images/6807.jpg,images/2566.jpg,0
images/6026.jpg,images/2914.jpg,0
images/6632.jpg,images/5589.jpg,0
images/9928.jpg,images/8430.jpg,0
images/3025.jpg,images/1852.jpg,1
images/4443.jpg,images/3924.jpg,0
images/4268.jpg,images/5227.jpg,0
images/2880.jpg,images/5595.jpg,1
images/2631.jpg,images/5942.jpg,0
images/3166.jpg,images/8398.jpg,1
images/3225.jpg,images/6392.jpg,0
images/4416.jpg,images/309.jpg,0
images/2645.jpg,images/7718.jpg,0
images/1520.jpg,images/2639.jpg,0
images/5712.jpg,images/6105.jpg,0
images/4412.jpg,images/5153.jpg,0
images/8285.jpg,images/5576.jpg,0
images/7516.jpg,images/6374.jpg,1
images/5070.jpg,images/9124.jpg,0
images/9902.jpg,images/9157.jpg,1
images/2258.jpg,images/5608.jpg,0
images/7479.jpg,images/5884.jpg,0
images/6042.jpg,images/287.jpg,0
images/836.jpg,images/4022.jpg,0
images/2920.jpg,images/2205.jpg,0
images/7487.jpg,images/4225.jpg,1
images/9290.jpg,images/743.jpg,0
images/7767.jpg,images/8418.jpg,0
images/6513.jpg,images/7819.jpg,0
images/7126.jpg,images/9027.jpg,0
images/8789.jpg,images/7669.jpg,0
images/503.jpg,images/6610.jpg,0
images/4309.jpg,images/8803.jpg,0
images/5971.jpg,images/4973.jpg,0
images/2233.jpg,images/1099.jpg,0
images/2470.jpg,images/2609.jpg,0
images/5442.jpg,images/6957.jpg,0
images/9123.jpg,images/3687.jpg,0
images/2054.jpg,images/637.jpg,0
images/2321.jpg,images/710.jpg,0
images/9276.jpg,images/6179.jpg,0
images/3514.jpg,images/5988.jpg,0
images/6948.jpg,images/7988.jpg,0
images/9743.jpg,images/8747.jpg,0
images/4385.jpg,images/8972.jpg,0
images/1509.jpg,images/8380.jpg,0
images/9809.jpg,images/3867.jpg,0
images/6483.jpg,images/4772.jpg,0
images/5643.jpg,images/6685.jpg,0
images/8392.jpg,images/1014.jpg,0
images/9190.jpg,images/9493.jpg,1
images/2363.jpg,images/8726.jpg,0
images/5934.jpg,images/1829.jpg,0
images/8250.jpg,images/8456.jpg,0
images/7477.jpg,images/2864.jpg,0
images/5668.jpg,images/9161.jpg,0
images/7862.jpg,images/183.jpg,0
images/4293.jpg,images/6496.jpg,0
images/3154.jpg,images/7870.jpg,0
images/2508.jpg,images/2113.jpg,0
images/8699.jpg,images/9439.jpg,0
images/3649.jpg,images/727.jpg,0
images/5798.jpg,images/1599.jpg,0
images/8975.jpg,images/3344.jpg,0
images/3141.jpg,images/9035.jpg,0
images/7622.jpg,images/5387.jpg,0
images/4965.jpg,images/8276.jpg,0
images/623.jpg,images/2808.jpg,1
images/4789.jpg,images/7540.jpg,0
images/4120.jpg,images/4687.jpg,0
images/8630.jpg,images/9080.jpg,0
images/9759.jpg,images/4722.jpg,0
images/9298.jpg,images/5447.jpg,0
images/7770.jpg,images/9050.jpg,0
images/3869.jpg,images/9615.jpg,0
images/9346.jpg,images/5698.jpg,0
images/843.jpg,images/5803.jpg,0
images/1864.jpg,images/5197.jpg,0
images/3224.jpg,images/7723.jpg,0
images/7599.jpg,images/4077.jpg,0
images/5645.jpg,images/7763.jpg,0
images/800.jpg,images/3696.jpg,0
images/7074.jpg,images/7251.jpg,0
images/9362.jpg,images/5538.jpg,0
images/4759.jpg,images/202.jpg,1
images/6737.jpg,images/1610.jpg,0
images/1799.jpg,images/7323.jpg,0
images/128.jpg,images/9803.jpg,0
images/2862.jpg,images/174.jpg,1
images/272.jpg,images/7313.jpg,0
images/8770.jpg,images/3456.jpg,0
images/1965.jpg,images/701.jpg,0
images/6952.jpg,images/2405.jpg,0
images/2949.jpg,images/3362.jpg,0
images/9654.jpg,images/4475.jpg,0
images/4567.jpg,images/882.jpg,0
images/757.jpg,images/9391.jpg,0
images/8967.jpg,images/9297.jpg,0
images/2231.jpg,images/68.jpg,1
images/3698.jpg,images/3674.jpg,0
images/4626.jpg,images/4763.jpg,0
images/5428.jpg,images/3392.jpg,0
images/4129.jpg,images/281.jpg,0
images/770.jpg,images/7396.jpg,1
images/9619.jpg,images/8538.jpg,0
images/6026.jpg,images/399.jpg,0
images/9704.jpg,images/5902.jpg,0
images/9376.jpg,images/1649.jpg,0
images/7515.jpg,images/2182.jpg,0
images/3814.jpg,images/4644.jpg,0
