animals,10888.jpg
animals,11220.jpg
animals,11462.jpg
birds,26080.jpg
boats-and-ships,20819.jpg
boats-and-ships,21201.jpg
castles-and-fortresses,29306.jpg
castles-and-fortresses,29350.jpg
celebrations-and-festivals,33059.jpg
Christianity,8565.jpg
Christianity,8484.jpg
Christianity,8751.jpg
Christianity,9414.jpg
Christianity,8169.jpg
Christianity,9538.jpg
Christianity,9765.jpg
Christianity,8114.jpg
Christianity,10651.jpg
Christianity,7672.jpg
Christianity,8666.jpg
cliffs-and-rocks,30892.jpg
cliffs-and-rocks,30736.jpg
cottages-and-farmhouses,29988.jpg
countryside,22077.jpg
couples,25834.jpg
couples,25508.jpg
deserts-and-steppes,34790.jpg
female-nude,14981.jpg
female-nude,14185.jpg
female-nude,14477.jpg
female-portraits,4975.jpg
female-portraits,6772.jpg
female-portraits,4199.jpg
female-portraits,4617.jpg
female-portraits,7498.jpg
female-portraits,6454.jpg
female-portraits,6531.jpg
female-portraits,3937.jpg
female-portraits,6974.jpg
female-portraits,6490.jpg
female-portraits,5338.jpg
female-portraits,7611.jpg
female-portraits,7236.jpg
fields-and-plains,28040.jpg
fields-and-plains,27870.jpg
forests-and-trees,18636.jpg
forests-and-trees,18187.jpg
forests-and-trees,17738.jpg
forests-and-trees,16820.jpg
games-and-sport,33368.jpg
gardens-and-parks,24825.jpg
gardens-and-parks,24661.jpg
gates-and-towers,33981.jpg
group-portraits,21584.jpg
group-portraits,21947.jpg
group-portraits,21711.jpg
houses-and-buildings,12925.jpg
houses-and-buildings,12937.jpg
houses-and-buildings,12662.jpg
houses-and-buildings,13115.jpg
houses-and-buildings,11822.jpg
houses-and-buildings,12202.jpg
houses-and-buildings,13077.jpg
houses-and-buildings,12084.jpg
knights-and-warriors,32445.jpg
male-nude,30295.jpg
male-portraits,Filename
male-portraits,566.jpg
male-portraits,3419.jpg
male-portraits,167.jpg
male-portraits,674.jpg
male-portraits,2654.jpg
mealtimes,31728.jpg
mealtimes,31733.jpg
mealtimes,31538.jpg
military-and-soldiers,34229.jpg
mountains,26737.jpg
mountains,26936.jpg
mountains,26136.jpg
mountains,27625.jpg
palaces-and-mausoleums,34981.jpg
rain-and-fog,35184.jpg
rivers-and-waterfalls,19489.jpg
rivers-and-waterfalls,19353.jpg
roads-and-vehicles,28740.jpg
ruins-and-columns,28918.jpg
seas-and-oceans,23648.jpg
seas-and-oceans,23809.jpg
seas-and-oceans,23580.jpg
seas-and-oceans,23226.jpg
spring,33304.jpg
storm-and-tempest,32953.jpg
streets-and-squares,13829.jpg
streets-and-squares,13360.jpg
streets-and-squares,13707.jpg
sunrise-and-sunset,29524.jpg
twilight-and-night,33750.jpg
winter,25407.jpg
winter,25386.jpg
winter,25285.jpg
winter,25179.jpg