Themes,
time-and-age,14
fires-and-floods,58
summer,69
deserts-and-steppes,70
rain-and-fog,80
families,91
domestic-settings,93
musical-instruments,97
ruins-and-columns,106
posters-and-advertisements,119
spring,123
gates-and-towers,124
games-and-sport,126
palaces-and-mausoleums,132
sun-and-moon,133
autumn,134
horsemen,137
markets-and-shops,139
storm-and-tempest,143
valleys-and-hollows,151
mother-and-child,156
reading-and-writing,160
knights-and-warriors,163
military-and-soldiers,168
mealtimes,184
celebrations-and-festivals,240
sunrise-and-sunset,243
castles-and-fortresses,244
male-nude,248
children,260
birds,275
twilight-and-night,279
winter,304
dishware-and-cutlery,315
furniture-and-decoration,330
fruits-and-vegetables,344
cottages-and-farmhouses,348
couples,391
lakes-and-ponds,396
roads-and-vehicles,406
fields-and-plains,420
leisure-and-sleep,484
countryside,545
group-portraits,576
gardens-and-parks,584
children portraits,618
cliffs-and-rocks,636
streets-and-squares,808
flowers-and-plants,900
female-nude,937
animals,1107
seas-and-oceans,1142
rivers-and-waterfalls,1204
boats-and-ships,1495
mountains,1545
houses-and-buildings,1565
forests-and-trees,2864
Christianity,3022
male-portraits,3663
female-portraits,4041