houses-and-buildings,11864.jpg
rivers-and-waterfalls,18752.jpg
houses-and-buildings,12121.jpg
Christianity,7971.jpg
female-portraits,6193.jpg
mountains,26186.jpg
cliffs-and-rocks,30819.jpg
furniture-and-decoration,30601.jpg
female-portraits,7055.jpg
Christianity,8449.jpg
female-portraits,6900.jpg
female-portraits,6315.jpg
seas-and-oceans,23631.jpg
male-portraits,2534.jpg
fields-and-plains,27863.jpg
cliffs-and-rocks,30764.jpg
streets-and-squares,13364.jpg
cliffs-and-rocks,31219.jpg
children,29115.jpg
spring,33262.jpg
female-portraits,6053.jpg
Christianity,7732.jpg
female-portraits,6780.jpg
summer,34620.jpg
mealtimes,31684.jpg
animals,11545.jpg
female-portraits,5354.jpg
female-nude,14453.jpg
female-portraits,4647.jpg
forests-and-trees,18308.jpg
houses-and-buildings,12261.jpg
Christianity,8354.jpg
cliffs-and-rocks,30677.jpg
forests-and-trees,17822.jpg
forests-and-trees,17093.jpg
houses-and-buildings,12882.jpg
flowers-and-plants,15318.jpg
children portraits,24525.jpg
animals,11701.jpg
forests-and-trees,17674.jpg
markets-and-shops,34737.jpg
male-portraits,1083.jpg
lakes-and-ponds,28449.jpg
castles-and-fortresses,29291.jpg
seas-and-oceans,23926.jpg
houses-and-buildings,12456.jpg
military-and-soldiers,34186.jpg
houses-and-buildings,12677.jpg
male-portraits,3373.jpg
couples,25835.jpg
fruits-and-vegetables,22617.jpg
seas-and-oceans,23616.jpg
flowers-and-plants,15688.jpg
seas-and-oceans,23565.jpg
Christianity,8618.jpg
leisure-and-sleep,32016.jpg
roads-and-vehicles,28611.jpg
cliffs-and-rocks,30916.jpg
flowers-and-plants,15257.jpg
mountains,26929.jpg
female-portraits,4117.jpg
female-portraits,6691.jpg
couples,25599.jpg
boats-and-ships,20609.jpg
leisure-and-sleep,32085.jpg
houses-and-buildings,12233.jpg
mountains,26363.jpg
female-portraits,6081.jpg
storm-and-tempest,32809.jpg
furniture-and-decoration,30381.jpg
military-and-soldiers,34208.jpg
sun-and-moon,32753.jpg
Christianity,9101.jpg
Christianity,10288.jpg
mealtimes,31611.jpg
families,33607.jpg
seas-and-oceans,23446.jpg
reading-and-writing,33568.jpg
female-portraits,4098.jpg
boats-and-ships,21061.jpg
group-portraits,21482.jpg
flowers-and-plants,15690.jpg
Christianity,8280.jpg
celebrations-and-festivals,32970.jpg
female-nude,14389.jpg
mealtimes,31656.jpg
male-nude,30142.jpg
female-portraits,4594.jpg
female-portraits,6524.jpg
male-nude,30213.jpg
sunrise-and-sunset,29484.jpg
flowers-and-plants,15430.jpg
Christianity,10106.jpg
streets-and-squares,13887.jpg
male-portraits,2616.jpg
houses-and-buildings,11916.jpg
forests-and-trees,16672.jpg
children portraits,24045.jpg
Christianity,8668.jpg
boats-and-ships,21026.jpg
